variant,accuracy,macro_f1,denoising_accuracy_delta,recall_normal,recall_ball,recall_inner_race,recall_outer_race
clean,1.0,1.0,,1.0,1.0,1.0,1.0
noisy_10db,0.9504232164449818,0.9093089980145818,,0.9978858350951374,1.0,0.9915966386554622,0.6694915254237288
noisy_5db,0.6106408706166868,0.48399227598299843,,0.5750528541226215,1.0,0.9663865546218487,0.00847457627118644
noisy_0db,0.29020556227327693,0.24803137757234123,,0.02748414376321353,0.9316239316239316,0.9915966386554622,0.0
denoised_10db,0.8621523579201935,0.6854275335320418,-0.08827085852478833,1.0,1.0,1.0,0.03389830508474576
denoised_5db,0.8536880290205562,0.6624914083131352,0.24304715840386937,1.0,0.9743589743589743,1.0,0.0
denoised_0db,0.6892382103990327,0.41927871953362816,0.39903264812575573,0.919661733615222,0.13675213675213677,1.0,0.0
